{"cameraMode":{"drawMode":0,"name":"Shaded","section":"Shading Mode"},"sceneLighting":false,"audioPlay":false,"sceneViewState":{"m_AlwaysRefresh":false,"showFog":true,"showSkybox":false,"showFlares":true,"showImageEffects":true,"showParticleSystems":true,"showVisualEffectGraphs":true,"m_FxEnabled":false},"in2DMode":false,"pivot":{"x":-0.08987808227539063,"y":0.2010023593902588,"z":0.3787961006164551},"rotation":{"x":0.03601088374853134,"y":-0.9295128583908081,"z":0.3549921214580536,"w":0.09450249373912811},"size":5.748691082000732,"orthographic":false}