{"cameraMode":{"drawMode":0,"name":"Shaded","section":"Shading Mode"},"sceneLighting":true,"audioPlay":false,"sceneViewState":{"m_AlwaysRefresh":false,"showFog":true,"showSkybox":true,"showFlares":true,"showImageEffects":true,"showParticleSystems":true,"showVisualEffectGraphs":true,"m_FxEnabled":false},"in2DMode":false,"pivot":{"x":-41.448482513427737,"y":-34.888343811035159,"z":-54.10588455200195},"rotation":{"x":0.07539718598127365,"y":-0.9190556406974793,"z":0.21601291000843049,"w":0.32130196690559389},"size":39.73804473876953,"orthographic":false}