{"cameraMode":{"drawMode":0,"name":"Shaded","section":"Shading Mode"},"sceneLighting":false,"audioPlay":false,"sceneViewState":{"m_AlwaysRefresh":false,"showFog":true,"showSkybox":false,"showFlares":true,"showImageEffects":true,"showParticleSystems":true,"showVisualEffectGraphs":true,"m_FxEnabled":false},"in2DMode":false,"pivot":{"x":-0.4097195863723755,"y":0.3573613166809082,"z":-0.34061551094055178},"rotation":{"x":0.17107217013835908,"y":-0.7322543263435364,"z":0.19939188659191132,"w":0.6285101771354675},"size":1.0458338260650635,"orthographic":false}