{"cameraMode":{"drawMode":0,"name":"Shaded","section":"Shading Mode"},"sceneLighting":false,"audioPlay":false,"sceneViewState":{"m_AlwaysRefresh":false,"showFog":true,"showSkybox":false,"showFlares":true,"showImageEffects":true,"showParticleSystems":true,"showVisualEffectGraphs":true,"m_FxEnabled":false},"in2DMode":false,"pivot":{"x":0.006638961844146252,"y":2.892897129058838,"z":-0.43064776062965395},"rotation":{"x":-0.20120540261268617,"y":-0.7669233679771423,"z":0.28670671582221987,"w":-0.5379371047019959},"size":1.598847508430481,"orthographic":false}